city,country,product,sub_product,infousa_industry,infousa_size,2010,2011,2012,2013,2014,2015,2016,2017,2018,2019,2020,2021,2022
Paris,France,,Traditional Fixed Voice,"Agriculture, Forestry, and Fishing plus mining",1-9 Emp,292.7268285,242.9077755,201.7767548,176.6010078,156.338551,138.3577743,122.1105659,106.7142489,92.2671439,78.75908928,66.81572778,56.1633596,46.77306035
Paris,France,,Traditional Fixed Voice,Construction,1-9 Emp,313.8263179,260.6386096,216.7648014,189.9899756,168.3892865,149.2109039,131.8571561,115.3741749,99.88252165,85.36991377,72.51873035,61.0376182,50.90015012
Paris,France,,Traditional Fixed Voice,"Finance, Insurance, and Real Estate",1-9 Emp,430.2634204,360.0467468,304.5448661,268.7456752,240.490253,214.9146146,191.5107131,169.4933633,148.1645049,127.8690417,109.6761411,93.20874556,78.48220185
Paris,France,,Traditional Fixed Voice,Manufacturing,1-9 Emp,418.7698009,345.9318897,284.3606757,244.5070099,215.0781515,188.5367133,164.8165011,142.2443952,121.6046645,102.6082115,86.02447837,71.43935227,58.76189075
Paris,France,,Traditional Fixed Voice,Nonclassified Establishments,1-9 Emp,317.9243842,264.1983682,219.893618,192.888055,171.0586195,151.6646234,134.0957502,117.4293146,101.7312709,87.01001047,73.96331314,62.29711561,51.98715576
Paris,France,,Traditional Fixed Voice,Public Administration,1-9 Emp,212.3016186,178.5323001,153.0321134,134.0002863,120.5828804,107.9612078,96.30935834,85.63102598,75.05747065,64.94874662,55.85444839,47.59128681,40.17467573
Paris,France,,Traditional Fixed Voice,Wholesale & retail trade,1-9 Emp,340.6196389,283.9906106,237.7212593,209.3913369,186.4551706,165.9418461,147.2519476,129.5788598,112.7356544,96.83462423,82.6680926,69.92864772,58.60766808
Paris,France,,Traditional Fixed Voice,Services,1-9 Emp,478.5854543,401.848935,341.5203573,303.4128988,272.1513879,244.1273971,218.3429314,194.1308234,170.3723007,147.6074261,127.0920735,108.4182865,91.62905691
Paris,France,,Traditional Fixed Voice,Transportation and Public Utilities,1-9 Emp,460.5085375,384.546833,325.6437627,284.3575125,253.9318817,225.8852501,200.3693047,176.7877648,153.9386386,132.3379867,113.0728847,95.72857485,80.29823917
Paris,France,,Traditional Fixed Voice,"Agriculture, Forestry, and Fishing plus mining",10-49 Emp,1752.877335,1447.394166,1272.241729,1116.030682,991.4297227,880.3880992,779.5533101,684.198878,593.899252,508.9705294,433.5522024,365.9541428,306.0702846
Paris,France,,Traditional Fixed Voice,Construction,10-49 Emp,1882.770329,1555.965191,1369.325742,1203.090987,1070.177098,951.55283,843.6566856,741.4377673,644.4483809,553.0387063,471.7331489,398.7295312,333.9445194
Paris,France,,Traditional Fixed Voice,"Finance, Insurance, and Real Estate",10-49 Emp,2810.134231,2344.576797,2099.57559,1863.844555,1677.76002,1509.820062,1355.428699,1205.860124,1060.825364,921.330357,795.3009996,680.2375514,576.46901
Paris,France,,Traditional Fixed Voice,Manufacturing,10-49 Emp,3026.274753,2480.461079,2147.828912,1846.497551,1626.368894,1428.301986,1251.457292,1079.924356,924.2722693,780.7488332,655.3015616,544.8173113,448.64885
Paris,France,,Traditional Fixed Voice,Nonclassified Establishments,10-49 Emp,1888.316547,1560.414237,1373.235014,1206.328512,1072.910813,953.8048425,845.4543291,742.988408,645.7079198,554.0433657,472.5246718,399.3428962,334.411304
Paris,France,,Traditional Fixed Voice,Public Administration,10-49 Emp,1737.443548,1453.087884,1303.172574,1153.445062,1038.026471,930.21959,830.4456239,740.6282358,650.6260894,564.2832165,486.426403,415.4889997,351.6393268
Paris,France,,Traditional Fixed Voice,Wholesale & retail trade,10-49 Emp,2092.022357,1731.910236,1529.36633,1347.055269,1201.540178,1070.701078,951.2721908,838.5116582,730.705148,628.685499,537.6535028,455.6348848,382.6041779
Paris,France,,Traditional Fixed Voice,Services,10-49 Emp,2803.982903,2341.227044,2098.924918,1866.924167,1678.994948,1509.489075,1353.163252,1206.068892,1061.175462,921.7764413,795.8065322,680.7712108,577.0056163
Paris,France,,Traditional Fixed Voice,Transportation and Public Utilities,10-49 Emp,3123.792779,2593.098633,2314.210756,2028.269813,1814.171115,1617.643222,1438.246676,1272.404164,1110.914891,957.6220717,820.5115666,696.6588558,586.1021492
Paris,France,,Traditional Fixed Voice,"Agriculture, Forestry, and Fishing plus mining",50-249 Emp,8242.543119,6774.39429,6048.296651,5314.397326,4726.320634,4200.919047,3723.136063,3271.697086,2842.179575,2437.638612,2077.781965,1754.779995,1468.281486
Paris,France,,Traditional Fixed Voice,Construction,50-249 Emp,9126.14376,7516.515415,6726.552685,5930.622512,5288.209964,4713.256591,4188.060981,3690.764022,3215.271165,2765.471535,2363.984675,2002.273302,1680.263309
Paris,France,,Traditional Fixed Voice,"Finance, Insurance, and Real Estate",50-249 Emp,24205.59133,20182.24902,18391.40006,16449.61851,14918.56779,13554.28002,12297.23722,10972.22908,9714.343601,8490.087445,7373.378266,6343.920371,5407.040512
Paris,France,,Traditional Fixed Voice,Manufacturing,50-249 Emp,11225.50158,9115.544732,7983.861226,6875.847949,6043.013994,5300.221197,4636.972032,3990.638003,3406.978772,2870.193157,2401.75885,1990.174212,1632.881929
Paris,France,,Traditional Fixed Voice,Nonclassified Establishments,50-249 Emp,8991.176733,7398.770823,6615.284669,5824.8982,5188.573103,4619.331712,4100.164869,3609.426063,3140.941492,2698.53694,2304.184719,1949.422351,1634.053714
Paris,France,,Traditional Fixed Voice,Public Administration,50-249 Emp,25142.27677,20754.1255,18672.26674,16402.9691,14626.82139,12970.25214,11446.53325,10130.93682,8814.73297,7572.076875,6464.58637,5468.467777,4583.12568
Paris,France,,Traditional Fixed Voice,Wholesale & retail trade,50-249 Emp,10097.08157,8328.017946,7471.52205,6600.497141,5901.294527,5271.321892,4693.948359,4145.828249,3619.879777,3120.548596,2673.593377,2269.691069,1909.049557
Paris,France,,Traditional Fixed Voice,Services,50-249 Emp,13973.67564,11612.19784,10535.10568,9373.461884,8436.727135,7587.71518,6804.048134,6061.466477,5332.417591,4631.322941,3997.55411,3418.783901,2896.738508
Paris,France,,Traditional Fixed Voice,Transportation and Public Utilities,50-249 Emp,13831.83252,11428.33925,10339.23147,9053.5246,8104.887244,7224.542295,6421.341811,5679.814385,4956.729444,4270.805574,3657.223847,3103.128935,2608.715447
Paris,France,,Traditional Fixed Voice,"Agriculture, Forestry, and Fishing plus mining",250+ Emp,13406.0066,11021.27914,9673.981208,8555.798131,7615.299448,6769.806857,5995.671034,5304.727449,4620.147193,3972.649734,3394.284376,2873.125971,2409.186807
Paris,France,,Traditional Fixed Voice,Construction,250+ Emp,90466.12325,74459.95015,65318.74598,57795.21797,51592.01499,45979.09529,40833.84942,36127.66686,31514.23035,27140.20065,23225.80955,19691.34006,16538.54529
Paris,France,,Traditional Fixed Voice,"Finance, Insurance, and Real Estate",250+ Emp,260241.4824,217898.8789,194928.1782,176290.6459,161443.4248,148161.8909,135763.5013,121910.0309,108784.9528,95810.81397,83828.78015,72644.76032,62348.10368
Paris,France,,Traditional Fixed Voice,Manufacturing,250+ Emp,108718.9044,87910.96551,75545.60982,65662.22533,57915.4806,51084.86374,44958.68808,38847.91599,33327.69754,28215.36142,23725.27534,19754.56441,16286.00567
Paris,France,,Traditional Fixed Voice,Nonclassified Establishments,250+ Emp,86086.0929,70766.99856,62028.17969,54811.28445,48875.59061,43514.09508,38612.34098,34118.21221,29728.15819,25573.12953,21859.7755,18511.79425,15529.70663
Paris,France,,Traditional Fixed Voice,Public Administration,250+ Emp,330213.4274,272175.8493,239576.8734,211385.9642,188513.5015,167399.676,147891.4091,131188.7454,114287.1352,98294.95755,84005.94952,71126.06749,59656.58634
Paris,France,,Traditional Fixed Voice,Wholesale & retail trade,250+ Emp,104097.5618,85922.91348,75515.4561,67085.81284,60247.35949,54051.21204,48336.8085,42859.83976,37567.40809,32510.39983,27957.33591,23819.18584,20104.20137
Paris,France,,Traditional Fixed Voice,Services,250+ Emp,100272.4908,83361.00369,74202.01267,66326.55857,59944.02236,54093.16331,48668.59336,43544.94619,38442.65425,33505.66021,29017.8012,24897.04904,21161.17175
Paris,France,,Traditional Fixed Voice,Transportation and Public Utilities,250+ Emp,240373.5431,197343.2169,173443.5225,152009.1331,135652.0459,120575.3106,106859.4948,94223.4723,81953.68052,70372.18658,60043.83542,50753.43218,42497.43236
Paris,France,,IP Voice,"Agriculture, Forestry, and Fishing plus mining",1-9 Emp,49.00912081,51.40856847,54.77663156,61.54257183,68.73285839,75.63382918,81.38207294,86.13845852,90.4455079,94.58649199,97.07744305,98.35533372,98.35654818
Paris,France,,IP Voice,Construction,1-9 Emp,52.54165464,55.16109058,58.84545857,66.20840883,74.03085746,81.56673575,87.87780663,93.12864672,97.91053477,102.5258258,105.3634099,106.891314,107.0351828
Paris,France,,IP Voice,"Finance, Insurance, and Real Estate",1-9 Emp,72.03587063,76.19965147,82.67524147,93.65348605,105.7294084,117.4839313,127.6346458,136.8130048,145.2392838,153.5655656,159.349897,163.2305713,165.0359931
Paris,France,,IP Voice,Manufacturing,1-9 Emp,70.11157764,73.2124083,77.19580971,85.2067064,94.55720316,103.0643463,109.8439632,114.8179654,119.203816,123.2283266,124.9860875,125.107212,123.5672136
Paris,France,,IP Voice,Nonclassified Establishments,1-9 Emp,53.22776402,55.91447154,59.694843,67.21834225,75.20440608,82.90807132,89.36974492,94.78753074,99.72278401,104.4955158,107.4622631,109.0969921,109.3209884
Paris,France,,IP Voice,Public Administration,1-9 Emp,35.54411369,37.78425765,41.54385227,46.69691497,53.01319468,59.01742485,64.18654411,69.12033453,73.57560631,78.00082706,81.15165714,83.3436057,84.48116072
Paris,France,,IP Voice,Wholesale & retail trade,1-9 Emp,57.02746522,60.10326644,64.53453893,72.96946689,81.97336331,90.71277208,98.13785276,104.5944976,110.5099073,116.294481,120.1095508,122.4616108,123.242907
Paris,France,,IP Voice,Services,1-9 Emp,80.12607681,85.04659205,92.7130323,105.7344483,119.6489458,133.4532154,145.5173042,156.7000664,167.0086297,177.2705697,184.6537326,189.8660769,192.6818062
Paris,France,,IP Voice,Transportation and Public Utilities,1-9 Emp,77.0995903,81.38480603,88.40298988,99.09395681,111.6389013,123.4810729,133.5385619,142.700958,150.8994184,158.9325884,164.2850702,167.6433887,168.8548402
Paris,France,,IP Voice,"Agriculture, Forestry, and Fishing plus mining",10-49 Emp,194.6434899,232.5902099,304.8790867,398.2089105,497.4969938,582.9449611,640.138626,682.4299309,715.0909401,755.1109503,758.0726778,739.8679955,701.4420166
Paris,France,,IP Voice,Construction,10-49 Emp,209.0671036,250.0371211,328.1442293,429.2727422,537.0122329,630.0663627,692.7778057,739.5208332,775.9551759,820.4906942,824.8326485,806.1316555,765.3232899
Paris,France,,IP Voice,"Finance, Insurance, and Real Estate",10-49 Emp,312.0437025,376.7637193,503.140774,665.0350403,841.8958469,999.7204621,1113.024926,1202.742459,1277.298471,1366.889832,1390.596,1375.270655,1321.133103
Paris,France,,IP Voice,Manufacturing,10-49 Emp,336.0444382,398.5997572,514.704165,658.8454869,816.1079066,945.7436402,1027.647681,1077.132289,1112.880213,1158.322455,1145.804835,1101.484708,1028.198979
Paris,France,,IP Voice,Nonclassified Establishments,10-49 Emp,209.6829684,250.7520643,329.0810442,430.4279176,538.3840043,631.5575225,694.2539601,741.0674648,777.4717376,821.9812114,826.2166386,807.3717265,766.3930517
Paris,France,,IP Voice,Public Administration,10-49 Emp,192.929687,233.5051667,312.2913319,411.5586686,520.8791275,615.9406552,681.9293996,738.7133947,783.3935139,837.1730998,850.5240289,840.0151205,805.8756792
Paris,France,,IP Voice,Wholesale & retail trade,10-49 Emp,232.3029252,278.3107565,366.4962399,480.6403798,602.929903,708.9598313,781.1474409,836.3437465,879.813587,932.7206137,940.0953988,921.1800864,876.8399273
Paris,France,,IP Voice,Services,10-49 Emp,311.3606451,376.2254281,502.9848474,666.1338713,842.5155308,999.5013002,1111.16463,1202.950688,1277.720011,1367.551644,1391.479931,1376.349581,1322.36288
Paris,France,,IP Voice,Transportation and Public Utilities,10-49 Emp,346.8730618,416.7001427,554.5757898,723.7033224,910.3465987,1071.115075,1181.031803,1269.114454,1337.609318,1420.732382,1434.677063,1408.470436,1343.210021
Paris,France,,IP Voice,"Agriculture, Forestry, and Fishing plus mining",50-249 Emp,1551.366203,1712.52309,2012.502567,2213.914472,2464.842154,2705.98167,2937.744158,3160.931066,3322.837639,3568.803956,3756.84815,3924.716951,4068.746921
Paris,France,,IP Voice,Construction,50-249 Emp,1717.672664,1900.126514,2238.184621,2470.626527,2757.875279,3035.99898,3304.593619,3565.810144,3759.024988,4048.764943,4274.332727,4478.257099,4656.168609
Paris,France,,IP Voice,"Finance, Insurance, and Real Estate",50-249 Emp,4555.843479,5101.942103,6119.531163,6852.714662,7780.241251,8730.859335,9703.147075,10600.75516,11357.19461,12429.83989,13331.84278,14188.72559,14983.42086
Paris,France,,IP Voice,Manufacturing,50-249 Emp,2112.802263,2304.35079,2656.539873,2864.396157,3151.516112,3414.086595,3658.807324,3855.531641,3983.153421,4202.081738,4342.632404,4451.19644,4524.870322
Paris,France,,IP Voice,Nonclassified Establishments,50-249 Emp,1692.269911,1870.361442,2201.161443,2426.583041,2705.913266,2975.498171,3235.239106,3487.225948,3672.124979,3950.769921,4166.20812,4360.051385,4528.11745
Paris,France,,IP Voice,Public Administration,50-249 Emp,4732.141268,5246.508783,6212.986386,6833.281076,7628.091434,8354.663387,9031.898271,9787.945546,10305.44542,11085.83437,11688.65153,12230.70028,12700.2749
Paris,France,,IP Voice,Wholesale & retail trade,50-249 Emp,1900.417247,2105.269109,2486.064784,2749.688298,3077.607432,3395.471386,3703.76455,4005.467793,4232.059394,4568.612475,4834.137796,5076.360021,5290.15695
Paris,France,,IP Voice,Services,50-249 Emp,2630.048495,2935.488559,3505.43772,3904.872301,4399.870912,4887.553882,5368.740845,5856.2505,6234.214767,6780.448732,7227.997939,7646.405344,8027.136485
Paris,France,,IP Voice,Transportation and Public Utilities,50-249 Emp,2603.351561,2889.010296,3440.262784,3771.590249,4226.811779,4653.619555,5066.766045,5487.519555,5794.99174,6252.636365,6612.645056,6940.415761,7228.997331
Paris,France,,IP Voice,"Agriculture, Forestry, and Fishing plus mining",250+ Emp,2471.222145,2771.637394,3215.318499,3677.351483,4019.14404,4292.806488,4482.368374,4662.06332,4768.463883,4841.56706,4831.733188,4756.81166,4619.047154
Paris,France,,IP Voice,Construction,250+ Emp,16676.24773,18725.22959,21709.83877,24840.8538,27228.83597,29155.83306,30527.4179,31750.82454,32525.90512,33076.43771,33061.73037,32601.42331,31708.75764
Paris,France,,IP Voice,"Finance, Insurance, and Real Estate",250+ Emp,47972.11681,54797.33099,64787.82248,75771.15056,85205.36627,93951.02991,101496.9002,107140.7134,112277.1844,116767.0225,119329.5123,120272.291,119537.7752
Paris,France,,IP Voice,Manufacturing,250+ Emp,20040.90944,22107.89839,25108.91757,28222.15742,30566.18591,32393.45511,33611.15052,34141.51733,34397.58851,34386.76289,33772.71541,32706.09896,31224.5725
Paris,France,,IP Voice,Nonclassified Establishments,250+ Emp,15868.84637,17796.52407,20616.16095,23558.33496,25795.18246,27592.75022,28866.61644,29984.81396,30682.49619,31166.60915,31117.19322,30648.54087,29774.54759
Paris,France,,IP Voice,Public Administration,250+ Emp,60870.53058,68446.93362,79627.60483,90855.40324,99492.20269,106149.914,110563.7336,115295.318,117955.9987,119794.5101,119581.7113,117757.9092,114377.4259
Paris,France,,IP Voice,Wholesale & retail trade,250+ Emp,19189.02532,21607.94197,25098.89545,28834.02689,31796.88697,34274.4481,36136.636,37667.39927,38773.40292,39621.23305,39797.01546,39435.57717,38545.0617
Paris,France,,IP Voice,Services,250+ Emp,18483.92346,20963.67147,24662.34933,28507.69324,31636.79404,34301.04984,36384.67862,38269.50552,39676.74637,40834.18163,41306.57822,41220.1116,40571.55298
Paris,France,,IP Voice,Transportation and Public Utilities,250+ Emp,44309.72179,49627.9817,57647.01774,65334.75926,71593.39112,76458.0861,79888.24227,82808.36259,84584.57044,85764.33446,85471.85803,84028.51823,81478.79751
Paris,France,,Internet Access,"Agriculture, Forestry, and Fishing plus mining",1-9 Emp,171.2026458,167.7646325,162.4823701,165.4147965,167.2093401,168.6794042,169.7309725,170.0709688,170.486945,170.7453027,170.6478821,170.2947377,169.6910186
Paris,France,,Internet Access,Construction,1-9 Emp,183.5427803,180.0104606,174.5516163,177.9556841,180.0980072,181.9110382,183.2785163,183.8723311,184.5582864,185.0772007,185.2133944,185.0741348,184.6639551
Paris,France,,Internet Access,"Finance, Insurance, and Real Estate",1-9 Emp,251.6415607,248.6668449,245.2372261,251.7228623,257.2124166,262.0139658,266.1956346,270.1223202,273.7714935,277.2129343,280.1137069,282.6212498,284.7306691
Paris,France,,Internet Access,Manufacturing,1-9 Emp,244.9194639,238.918397,228.9837429,229.0195157,230.033319,229.8552476,229.0912732,226.6955196,224.6954535,222.4488664,219.7071786,216.6135688,213.1860737
Paris,France,,Internet Access,Nonclassified Establishments,1-9 Emp,185.9395533,182.4690134,177.0711213,180.6701942,182.9529487,184.9024997,186.3901123,187.1476163,187.9743194,188.6328386,188.90287,188.8930976,188.6075734
Paris,France,,Internet Access,Public Administration,1-9 Emp,124.1655881,123.3036104,123.2303518,125.5124779,128.9674474,131.6213151,133.8678674,136.4705435,138.6877097,140.8052519,142.6526903,144.3030788,145.7523111
Paris,France,,Internet Access,Wholesale & retail trade,1-9 Emp,199.2129785,196.1385564,191.4269742,196.1281298,199.4200781,202.3086298,204.6769342,206.5104001,208.3077085,209.932052,211.1349436,212.0329127,212.6265593
Paris,France,,Internet Access,Services,1-9 Emp,279.9029267,277.5375911,275.0120406,284.1942044,291.0750656,297.6288402,303.4918216,309.387149,314.8060277,320.0046481,324.5941322,328.7385904,332.4269971
Paris,France,,Internet Access,Transportation and Public Utilities,1-9 Emp,269.330558,265.5878675,262.2272839,266.345819,271.5886907,275.3888577,278.5088799,281.7474399,284.4406697,286.9013571,288.7890163,290.2617056,291.3191887
Paris,France,,Internet Access,"Agriculture, Forestry, and Fishing plus mining",10-49 Emp,1332.661083,1282.914053,1306.221063,1322.842744,1331.84261,1337.42856,1338.135868,1332.722697,1324.367391,1312.976447,1297.126328,1277.57534,1254.51428
Paris,France,,Internet Access,Construction,10-49 Emp,1431.414905,1379.147199,1405.898019,1426.036227,1437.628332,1445.537409,1448.171994,1444.215962,1437.089571,1426.657839,1411.358271,1391.996856,1368.764592
Paris,France,,Internet Access,"Finance, Insurance, and Real Estate",10-49 Emp,2136.462404,2078.141941,2155.651553,2209.234285,2253.828215,2293.620818,2326.650064,2348.845062,2365.590653,2376.729081,2379.427112,2374.763991,2362.818742
Paris,France,,Internet Access,Manufacturing,10-49 Emp,2300.787687,2198.584499,2205.193636,2188.672702,2184.791662,2169.783838,2148.178794,2103.539988,2061.083677,2014.07502,1960.56877,1902.001044,1838.912228
Paris,France,,Internet Access,Nonclassified Establishments,10-49 Emp,1435.631532,1383.090661,1409.9117,1429.873699,1441.300684,1448.95852,1451.257724,1447.236391,1439.898283,1429.24953,1413.726395,1394.138163,1370.677839
Paris,France,,Internet Access,Public Administration,10-49 Emp,1320.927228,1287.960744,1337.978016,1367.190397,1394.43861,1413.129333,1425.494654,1442.639109,1450.86557,1455.664975,1455.318391,1450.505508,1441.291687
Paris,France,,Internet Access,Wholesale & retail trade,10-49 Emp,1590.503068,1535.098063,1570.213009,1596.678583,1614.095654,1626.539708,1632.898511,1633.302179,1629.438103,1621.801667,1608.582565,1590.658022,1568.209751
Paris,France,,Internet Access,Services,10-49 Emp,2131.785731,2075.17285,2154.983503,2212.884582,2255.487163,2293.118003,2322.76133,2349.251714,2366.371356,2377.879832,2380.939593,2376.627039,2365.018173
Paris,France,,Internet Access,Transportation and Public Utilities,10-49 Emp,2374.927773,2298.422058,2376.019247,2404.129249,2437.076816,2457.418777,2468.810586,2478.463445,2477.287942,2470.349761,2454.853531,2432.092085,2402.302846
Paris,France,,Internet Access,"Agriculture, Forestry, and Fishing plus mining",50-249 Emp,5423.882547,5112.403004,5223.727161,5253.298121,5257.480473,5252.843701,5237.450037,5208.988674,5169.883836,5123.195966,5066.425565,5000.643626,4926.314113
Paris,France,,Internet Access,Construction,50-249 Emp,6005.322769,5672.456361,5809.515966,5862.438615,5882.516819,5893.472338,5891.474221,5876.200482,5848.53208,5812.203887,5764.297021,5705.931942,5637.546295
Paris,France,,Internet Access,"Finance, Insurance, and Real Estate",50-249 Emp,15928.12831,15230.85107,15884.08466,16260.49855,16595.16671,16948.3186,17298.90191,17469.28751,17670.25152,17843.65473,17979.11079,18078.44006,18141.46691
Paris,France,,Internet Access,Manufacturing,50-249 Emp,7386.773864,6879.188939,6895.414551,6796.79687,6722.14827,6627.414911,6522.971207,6353.640821,6197.245465,6032.297787,5856.404878,5671.452842,5478.574353
Paris,France,,Internet Access,Nonclassified Establishments,50-249 Emp,5916.509729,5583.598557,5713.417215,5757.929807,5771.682432,5776.028345,5767.828057,5746.699339,5713.327473,5671.527147,5618.4819,5555.32117,5482.505875
Paris,France,,Internet Access,Public Administration,50-249 Emp,16544.50018,15662.42663,16126.66054,16214.38547,16270.63287,16218.04812,16102.19045,16129.8353,16033.8727,15914.26781,15763.12924,15583.63932,15377.10374
Paris,France,,Internet Access,Wholesale & retail trade,50-249 Emp,6644.233912,6284.869487,6452.923016,6524.611748,6564.501891,6591.27912,6603.121559,6600.724892,6584.509335,6558.470931,6519.241219,6467.999526,6405.159954
Paris,France,,Internet Access,Services,50-249 Emp,9195.168813,8763.327403,9098.845651,9265.695936,9384.874959,9487.705296,9571.463826,9650.682628,9699.591029,9733.672126,9747.562871,9742.600197,9719.010919
Paris,France,,Internet Access,Transportation and Public Utilities,50-249 Emp,9101.831062,8624.575633,8929.67514,8949.436945,9015.741782,9033.592665,9033.099068,9043.040363,9016.219683,8975.971164,8917.707777,8843.069773,8752.648485
Paris,France,,Internet Access,"Agriculture, Forestry, and Fishing plus mining",250+ Emp,5061.347916,4634.006421,4543.942141,4523.997858,4474.880431,4427.446136,4376.166605,4351.626069,4305.231673,4255.750199,4203.87934,4149.217386,4091.982351
Paris,France,,Internet Access,Construction,250+ Emp,34154.87834,31307.42655,30680.70901,30560.02938,30316.35195,30070.27705,29804.12487,29636.60214,29366.17752,29074.27588,28765.56296,28437.19745,28090.572
Paris,France,,Internet Access,"Finance, Insurance, and Real Estate",250+ Emp,98252.42702,91617.75064,91559.23959,93216.14328,94866.92249,96897.71144,99092.11115,100006.4327,101370.0223,102638.5204,103823.3801,104909.7414,105897.6992
Paris,France,,Internet Access,Manufacturing,250+ Emp,41046.09351,36963.03973,35484.34431,34719.81949,34032.12868,33409.44393,32814.79392,31868.1036,31056.03632,30226.05516,29384.15989,28528.50273,27661.63569
Paris,France,,Internet Access,Nonclassified Establishments,250+ Emp,32501.22725,29754.68833,29135.10514,28982.23282,28720.13444,28458.16966,28182.67316,27988.18659,27701.84647,27395.53154,27073.70639,26733.75944,26377.06851
Paris,France,,Internet Access,Public Administration,250+ Emp,124669.8658,114439.0426,112531.0694,111773.2834,110773.7634,109479.2015,107944.122,107618.0388,106497.1685,105299.6899,104042.8074,102716.5251,101326.181
Paris,France,,Internet Access,Wholesale & retail trade,250+ Emp,39301.33658,36127.14348,35470.18088,35472.56129,35402.38067,35349.43241,35280.4425,35159.20427,35006.76243,34827.16822,34625.6394,34398.41518,34146.80711
Paris,France,,Internet Access,Services,250+ Emp,37857.20668,35049.96303,34853.24656,35071.09498,35224.13458,35376.86849,35522.60819,35721.2175,35822.35063,35893.35322,35939.04382,35955.00851,35942.06191
Paris,France,,Internet Access,Transportation and Public Utilities,250+ Emp,90751.4197,82974.91813,81467.73432,80376.95397,79711.46635,78856.11867,77995.43205,77294.32327,76367.60614,75387.0759,74365.31863,73295.43687,72181.51068
Paris,France,,Ethernet,"Agriculture, Forestry, and Fishing plus mining",1-9 Emp,0,0,0,0,0,0,0,0,0,0,0,0,0
Paris,France,,Ethernet,Construction,1-9 Emp,0,0,0,0,0,0,0,0,0,0,0,0,0
Paris,France,,Ethernet,"Finance, Insurance, and Real Estate",1-9 Emp,0,0,0,0,0,0,0,0,0,0,0,0,0
Paris,France,,Ethernet,Manufacturing,1-9 Emp,0,0,0,0,0,0,0,0,0,0,0,0,0
Paris,France,,Ethernet,Nonclassified Establishments,1-9 Emp,0,0,0,0,0,0,0,0,0,0,0,0,0
Paris,France,,Ethernet,Public Administration,1-9 Emp,0,0,0,0,0,0,0,0,0,0,0,0,0
Paris,France,,Ethernet,Wholesale & retail trade,1-9 Emp,0,0,0,0,0,0,0,0,0,0,0,0,0
Paris,France,,Ethernet,Services,1-9 Emp,0,0,0,0,0,0,0,0,0,0,0,0,0
Paris,France,,Ethernet,Transportation and Public Utilities,1-9 Emp,0,0,0,0,0,0,0,0,0,0,0,0,0
Paris,France,,Ethernet,"Agriculture, Forestry, and Fishing plus mining",10-49 Emp,24.81181149,28.56723721,34.34352751,39.23582483,42.95798959,46.10774314,49.08513223,51.88686623,54.63745652,57.3107573,59.70579014,61.85560548,63.72650617
Paris,France,,Ethernet,Construction,10-49 Emp,26.65043442,30.71010491,36.96426176,42.29656764,46.37006092,49.83478708,53.12144716,56.2276313,59.28786789,62.27289252,64.9638042,67.39548399,69.53016529
Paris,France,,Ethernet,"Finance, Insurance, and Real Estate",10-49 Emp,39.777182,46.27494229,56.67699022,65.52640502,72.69622425,79.07239508,85.34553836,91.44753805,97.59365665,103.7430213,109.5233153,114.9775359,120.0258822
Paris,France,,Ethernet,Manufacturing,10-49 Emp,42.83663049,48.95689211,57.97956443,64.91654365,70.46948101,74.80312508,78.79890426,81.89708051,85.03106505,87.91335511,90.24356767,92.08805346,93.41260863
Paris,France,,Ethernet,Nonclassified Establishments,10-49 Emp,26.72894062,30.7979158,37.06979058,42.41038795,46.48851097,49.95272962,53.23463707,56.34522561,59.40374277,62.3860185,65.07280723,67.49915835,69.62735392
Paris,France,,Ethernet,Public Administration,10-49 Emp,24.5933477,28.6796142,35.17849015,40.55118659,44.97699567,48.71752123,52.2896032,56.16623973,59.85620381,63.5390393,66.98725684,70.22826262,73.21437871
Paris,France,,Ethernet,Wholesale & retail trade,10-49 Emp,29.61237692,34.18273453,41.28447718,47.3578598,52.06193568,56.07482692,59.89753448,63.58932124,67.22330534,70.7908218,74.04189629,77.0139435,79.66153113
Paris,France,,Ethernet,Services,10-49 Emp,39.69011055,46.20882818,56.65942565,65.63467367,72.74973286,79.05506058,85.20289285,91.46337023,97.62586493,103.793251,109.5929338,115.067738,120.1376083
Paris,France,,Ethernet,Transportation and Public Utilities,10-49 Emp,44.21698884,51.18002096,62.4709589,71.30703519,78.60682616,84.71931669,90.56023156,96.493968,102.2017856,107.8295166,112.9951391,117.7531562,122.0315859
Paris,France,,Ethernet,"Agriculture, Forestry, and Fishing plus mining",50-249 Emp,689.9583963,774.52823,928.8154464,1057.046392,1151.508093,1227.827846,1297.106093,1359.96117,1419.030881,1474.174473,1519.429866,1556.061263,1583.355878
Paris,France,,Ethernet,Construction,50-249 Emp,763.921938,859.3762233,1032.972818,1179.615062,1288.405304,1377.571818,1459.081625,1534.156625,1605.306404,1672.433117,1728.722734,1775.527377,1811.951463
Paris,France,,Ethernet,"Finance, Insurance, and Real Estate",50-249 Emp,2026.176962,2307.471478,2824.302021,3271.868631,3634.719877,3961.590846,4284.243459,4560.876239,4850.13462,5134.423996,5391.966693,5625.507909,5830.809323
Paris,France,,Ethernet,Manufacturing,50-249 Emp,939.6528418,1042.196014,1226.053227,1367.622672,1472.303735,1549.12749,1615.478074,1658.806602,1701.021332,1735.764056,1756.346041,1764.79844,1760.856637
Paris,France,,Ethernet,Nonclassified Establishments,50-249 Emp,752.6242556,845.9142802,1015.885784,1158.586243,1264.130046,1350.11983,1428.459434,1500.346506,1568.195413,1631.954077,1684.992524,1728.661492,1762.120259
Paris,France,,Ethernet,Public Administration,50-249 Emp,2104.584071,2372.855107,2867.43372,3262.589952,3563.639567,3790.893511,3987.86608,4211.172467,4400.980993,4579.252388,4727.389961,4849.195282,4942.321383
Paris,France,,Ethernet,Wholesale & retail trade,50-249 Emp,845.1962104,952.1567129,1147.375119,1312.854735,1437.775584,1540.680916,1635.328098,1723.315236,1807.317607,1887.167793,1955.131816,2012.661621,2058.668495
Paris,France,,Ethernet,Services,50-249 Emp,1169.694195,1327.642687,1617.838781,1864.404082,2055.50159,2217.707098,2370.4673,2519.597269,2662.345932,2800.81634,2923.311112,3031.626306,3123.766108
Paris,France,,Ethernet,Transportation and Public Utilities,50-249 Emp,1157.820935,1306.621816,1587.759074,1800.767788,1974.653008,2111.560377,2237.135964,2360.954212,2474.774011,2582.79161,2674.436121,2751.717448,2813.169665
Paris,France,,Ethernet,"Agriculture, Forestry, and Fishing plus mining",250+ Emp,3817.913807,4212.664884,4817.063661,5356.180505,5692.007735,5934.212146,6140.310934,6367.659199,6557.395715,6734.034515,6877.622466,6994.119699,7082.08575
Paris,France,,Ethernet,Construction,250+ Emp,25763.96323,28460.83593,32524.82622,36181.50113,38562.12752,40303.91288,41818.92747,43366.72759,44728.28904,46005.32647,47060.98012,47935.10303,48616.9838
Paris,France,,Ethernet,"Finance, Insurance, and Real Estate",250+ Emp,74114.50544,83287.51534,97062.56642,110363.1136,120669.8737,129874.3245,139038.6675,146337.6841,154398.9733,162408.8131,169856.9235,176840.8884,183279.5263
Paris,France,,Ethernet,Manufacturing,250+ Emp,30962.19618,33602.21919,37617.19234,41106.47842,43288.56217,44779.47825,46043.27396,46632.04509,47302.15119,47827.83039,48073.01587,48089.01159,47874.61409
Paris,France,,Ethernet,Nonclassified Establishments,250+ Emp,24516.56877,27049.27859,30886.32115,34313.47125,36531.75318,38143.16671,39543.82724,40954.6296,42193.30879,43348.9858,44293.07224,45063.70628,45651.38483
Paris,France,,Ethernet,Public Administration,250+ Emp,94041.90537,104033.8084,119294.9444,132333.8119,140903.2325,146737.5971,151459.1497,157475.6158,162208.2456,166619.6824,170215.9105,173143.8979,175367.497
Paris,France,,Ethernet,Wholesale & retail trade,250+ Emp,29646.07809,32842.32582,37602.1776,41997.68594,45031.51039,47379.6913,49502.88835,51447.85581,53319.59147,55108.34563,56648.17094,57983.61736,59098.64591
Paris,France,,Ethernet,Services,250+ Emp,28556.73122,31863.08672,36948.16137,41522.37051,44804.78296,47416.46454,49842.6772,52270.24005,54561.83229,56795.41048,58796.92427,60607.48568,62205.7337
Paris,France,,Ethernet,Transportation and Public Utilities,250+ Emp,68456.28951,75430.52213,86364.49373,95162.17457,101392.2696,105692.7454,109437.3792,113103.4471,116317.2278,119287.8218,121663.0033,123550.3015,124926.1615
Paris,France,,IP-VPN,"Agriculture, Forestry, and Fishing plus mining",1-9 Emp,0,0,0,0,0,0,0,0,0,0,0,0,0
Paris,France,,IP-VPN,Construction,1-9 Emp,0,0,0,0,0,0,0,0,0,0,0,0,0
Paris,France,,IP-VPN,"Finance, Insurance, and Real Estate",1-9 Emp,0,0,0,0,0,0,0,0,0,0,0,0,0
Paris,France,,IP-VPN,Manufacturing,1-9 Emp,0,0,0,0,0,0,0,0,0,0,0,0,0
Paris,France,,IP-VPN,Nonclassified Establishments,1-9 Emp,0,0,0,0,0,0,0,0,0,0,0,0,0
Paris,France,,IP-VPN,Public Administration,1-9 Emp,0,0,0,0,0,0,0,0,0,0,0,0,0
Paris,France,,IP-VPN,Wholesale & retail trade,1-9 Emp,0,0,0,0,0,0,0,0,0,0,0,0,0
Paris,France,,IP-VPN,Services,1-9 Emp,0,0,0,0,0,0,0,0,0,0,0,0,0
Paris,France,,IP-VPN,Transportation and Public Utilities,1-9 Emp,0,0,0,0,0,0,0,0,0,0,0,0,0
Paris,France,,IP-VPN,"Agriculture, Forestry, and Fishing plus mining",10-49 Emp,515.6447362,518.627424,543.5956228,550.1423796,543.1589937,530.8264625,520.0921098,510.4284202,502.7925573,496.7387723,492.1458635,489.0213161,487.3454344
Paris,France,,IP-VPN,Construction,10-49 Emp,553.8554182,557.5303795,585.077083,593.0583713,586.3010785,573.7349506,562.8597556,553.1299749,545.5872329,539.7478874,535.486884,532.8187805,531.7286424
Paris,France,,IP-VPN,"Finance, Insurance, and Real Estate",10-49 Emp,826.6584861,840.1041355,897.0937475,918.7739149,919.1679682,910.3399322,904.297067,899.5999521,898.0901991,899.1886248,902.7842438,908.9954825,917.8922432
Paris,France,,IP-VPN,Manufacturing,10-49 Emp,890.2406436,888.7939236,917.71113,910.2227863,891.0131213,861.1889363,834.9307928,805.6489139,782.4849357,761.9856053,743.8641786,728.0346016,714.3684955
Paris,France,,IP-VPN,Nonclassified Establishments,10-49 Emp,555.4869519,559.1245532,586.7474124,594.6542949,587.7987559,575.0927925,564.0590837,554.2867893,546.6535531,540.7284025,536.3853796,533.6384147,532.4718878
Paris,France,,IP-VPN,Public Administration,10-49 Emp,511.1045719,520.667586,556.8115639,568.5856327,568.6872207,560.8721594,554.0457734,552.5260455,550.8172544,550.7221656,552.1659003,555.2143115,559.9034898
Paris,France,,IP-VPN,Wholesale & retail trade,10-49 Emp,615.4111841,620.5746613,653.4582413,664.024926,658.268901,645.5749075,634.6572509,625.5493757,618.6118417,613.57671,610.316234,608.8609062,609.2077823
Paris,France,,IP-VPN,Services,10-49 Emp,824.8489473,838.9038587,896.8157324,920.2919961,919.8445288,910.1403646,902.7856358,899.7556985,898.3865907,899.6239887,903.3580981,909.7086069,918.7466634
Paris,France,,IP-VPN,Transportation and Public Utilities,10-49 Emp,918.9275663,929.15399,988.8017415,999.8266174,993.9013674,975.3514729,959.550474,949.2433677,940.4957777,934.6081644,931.4019655,930.9391277,933.2307672
Paris,France,,IP-VPN,"Agriculture, Forestry, and Fishing plus mining",50-249 Emp,8651.668843,8087.182011,8166.38555,8000.691305,7812.969215,7643.986003,7491.848354,7353.803384,7240.22705,7147.600629,7071.37243,7012.911945,6971.917867
Paris,France,,IP-VPN,Construction,50-249 Emp,9579.127762,8973.116363,9082.164089,8928.402801,8741.815219,8576.23463,8427.389499,8295.741399,8190.648284,8108.866503,8045.413973,8002.009595,7978.482257
Paris,France,,IP-VPN,"Finance, Insurance, and Real Estate",50-249 Emp,25407.0567,24093.30107,24831.99359,24764.48631,24661.5327,24663.34761,24745.00928,24662.31233,24746.51986,24894.48357,25094.02077,25353.23806,25674.53361
Paris,France,,IP-VPN,Manufacturing,50-249 Emp,11782.68901,10882.01634,10779.77697,10351.41589,9989.563968,9644.274548,9330.706881,8969.769047,8679.008209,8415.929382,8173.971859,7953.65604,7753.49877
Paris,France,,IP-VPN,Nonclassified Establishments,50-249 Emp,9437.46153,8832.554432,8931.930467,8769.237513,8577.107874,8405.329061,8250.521308,8112.917822,8001.299339,7912.60207,7841.895138,7790.792767,7759.062819
Paris,France,,IP-VPN,Public Administration,50-249 Emp,26390.23532,24775.99963,25211.21864,24694.2568,24179.25361,23600.65136,23033.18756,22771.33717,22454.83313,22202.70928,22001.10434,21854.52484,21762.29567
Paris,France,,IP-VPN,Wholesale & retail trade,50-249 Emp,10598.25891,9941.877317,10088.0187,9936.88218,9755.290858,9591.689416,9445.357001,9318.59063,9221.356633,9150.01715,9099.113769,9070.734595,9064.839981
Paris,France,,IP-VPN,Services,50-249 Emp,14667.27106,13862.4877,14224.45686,14111.51075,13946.55473,13806.59517,13691.38703,13624.37644,13583.91089,13579.88285,13604.9857,13663.04068,13754.73515
Paris,France,,IP-VPN,Transportation and Public Utilities,50-249 Emp,14518.38743,13642.99975,13959.98829,13629.85323,13397.99803,13145.76633,12921.28954,12766.53588,12626.87513,12522.78023,12446.73036,12401.53754,12387.10017
Paris,France,,IP-VPN,"Agriculture, Forestry, and Fishing plus mining",250+ Emp,13840.63393,12414.32796,11949.32446,11553.01044,11133.84807,10778.49232,10467.86537,10274.82101,10085.37894,9933.138214,9821.523826,9747.433641,9710.134281
Paris,France,,IP-VPN,Construction,250+ Emp,93399.066,83871.4118,80681.86944,78041.6679,75429.42474,73205.23851,71291.97649,69976.32091,68792.82021,67860.84409,67204.98833,66805.29587,66657.96739
Paris,France,,IP-VPN,"Finance, Insurance, and Real Estate",250+ Emp,268678.6006,245440.4893,240775.7464,238047.6539,236036.229,235894.7363,237030.0248,236129.7085,237468.0775,239563.5461,242562.5759,246456.2946,251291.6214
Paris,France,,IP-VPN,Manufacturing,250+ Emp,112243.6086,99022.58563,93314.11583,88664.5948,84674.56419,81334.34577,78493.54834,75245.21986,72751.46114,70549.15573,68650.21642,67019.79226,65640.11619
Paris,France,,IP-VPN,Nonclassified Establishments,250+ Emp,88877.03357,79711.68482,76617.35418,74012.42193,71457.91232,69280.60869,67413.43626,66084.17244,64893.98024,63942.56912,63252.30362,62803.54146,62591.88218
Paris,France,,IP-VPN,Public Administration,250+ Emp,340919.0601,306577.8675,295925.9203,285437.3389,275613.6774,266524.0178,258204.1862,254101.8158,249478.8626,245774.8517,243075.2239,241303.9421,240443.5648
Paris,France,,IP-VPN,Wholesale & retail trade,250+ Emp,107472.4405,96783.2512,93276.86989,90586.88435,88083.85695,86057.19283,84391.42192,83015.98642,82006.38004,81288.3885,80895.88566,80809.52096,81029.20634
Paris,France,,IP-VPN,Services,250+ Emp,103523.3594,93897.5255,91654.50145,89561.653,87640.36691,86123.98519,84970.68639,84342.98125,83916.96618,83776.91871,83964.39257,84466.30458,85289.28462
Paris,France,,IP-VPN,Transportation and Public Utilities,250+ Emp,248166.5358,222286.6679,214237.849,205259.9973,198328.2837,191972.9893,186566.4076,182503.1204,178897.7471,175957.2836,173739.7032,172187.2683,171284.2581
Paris,France,,Legacy Data Services,"Agriculture, Forestry, and Fishing plus mining",1-9 Emp,0,0,0,0,0,0,0,0,0,0,0,0,0
Paris,France,,Legacy Data Services,Construction,1-9 Emp,0,0,0,0,0,0,0,0,0,0,0,0,0
Paris,France,,Legacy Data Services,"Finance, Insurance, and Real Estate",1-9 Emp,0,0,0,0,0,0,0,0,0,0,0,0,0
Paris,France,,Legacy Data Services,Manufacturing,1-9 Emp,0,0,0,0,0,0,0,0,0,0,0,0,0
Paris,France,,Legacy Data Services,Nonclassified Establishments,1-9 Emp,0,0,0,0,0,0,0,0,0,0,0,0,0
Paris,France,,Legacy Data Services,Public Administration,1-9 Emp,0,0,0,0,0,0,0,0,0,0,0,0,0
Paris,France,,Legacy Data Services,Wholesale & retail trade,1-9 Emp,0,0,0,0,0,0,0,0,0,0,0,0,0
Paris,France,,Legacy Data Services,Services,1-9 Emp,0,0,0,0,0,0,0,0,0,0,0,0,0
Paris,France,,Legacy Data Services,Transportation and Public Utilities,1-9 Emp,0,0,0,0,0,0,0,0,0,0,0,0,0
Paris,France,,Legacy Data Services,"Agriculture, Forestry, and Fishing plus mining",10-49 Emp,128.4609465,98.55907125,81.82984293,67.8653389,55.52105384,45.08328184,36.38747584,29.31147094,23.60819719,18.95889187,15.1889031,12.14178664,9.684773288
Paris,France,,Legacy Data Services,Construction,10-49 Emp,137.9802532,105.9521226,88.0742298,73.15943808,59.93098545,48.72751513,39.37965097,31.76361767,25.61758481,20.60040892,16.52651987,13.22922281,10.56677869
Paris,France,,Legacy Data Services,"Finance, Insurance, and Real Estate",10-49 Emp,205.9428209,159.6519573,135.0434723,113.3395743,93.95623537,77.31549693,63.26780787,51.65973683,42.16906198,34.31908451,27.86227299,22.56921905,18.24081575
Paris,France,,Legacy Data Services,Manufacturing,10-49 Emp,221.7828432,168.9048816,138.1470977,112.2847106,91.07828105,73.14108522,58.41469901,46.26457657,36.74091509,29.08249467,22.95758588,18.07618708,14.1962896
Paris,France,,Legacy Data Services,Nonclassified Establishments,10-49 Emp,138.386712,106.2550766,88.32567184,73.35631056,60.08407621,48.84283712,39.46356019,31.83004801,25.66765297,20.63783196,16.55424978,13.2495733,10.58154884
Paris,France,,Legacy Data Services,Public Administration,10-49 Emp,127.3298697,98.94678015,83.81929674,70.14049105,58.13051826,47.63507365,38.76299374,31.72893688,25.86315602,21.01926117,17.04127775,13.78527579,11.12668341
Paris,France,,Legacy Data Services,Wholesale & retail trade,10-49 Emp,153.3154469,117.9329504,98.36794669,81.91384324,67.28744901,54.82890842,44.40285663,35.92231864,29.04639325,23.41821325,18.8359485,15.11725352,12.10648308
Paris,France,,Legacy Data Services,Services,10-49 Emp,205.4920162,159.4238587,135.0016215,113.5268442,94.02539257,77.29854758,63.16206282,51.66868061,42.1829788,34.33570093,27.87998362,22.58692503,18.25779522
Paris,France,,Legacy Data Services,Transportation and Public Utilities,10-49 Emp,228.9295257,176.5748398,148.8486805,123.3382025,101.5953928,82.8369504,67.13353084,54.51052154,44.16017988,35.67093232,28.74549041,23.11405227,18.54563061
Paris,France,,Legacy Data Services,"Agriculture, Forestry, and Fishing plus mining",50-249 Emp,1488.054725,1179.984494,1025.326839,875.8230412,735.4536107,611.3547591,503.9340445,413.282091,337.4053251,273.7620363,220.8350191,177.1211886,141.2460061
Paris,France,,Legacy Data Services,Construction,50-249 Emp,1647.574195,1309.249397,1140.306999,977.3781534,822.8881223,685.9146333,566.8625784,466.2187949,381.6963651,310.5797206,251.2537935,202.1022738,161.6382716
Paris,France,,Legacy Data Services,"Finance, Insurance, and Real Estate",50-249 Emp,4369.91885,3515.405198,3117.769709,2710.929204,2321.449474,1972.538271,1664.456089,1386.016388,1153.22455,953.4898307,783.6722799,640.3325313,520.1474546
Paris,France,,Legacy Data Services,Manufacturing,50-249 Emp,2026.578499,1587.773162,1353.450015,1133.153148,940.3417173,771.3348952,627.6236029,504.0989966,404.4546623,322.3406125,255.2685846,200.8810352,157.0802691
Paris,France,,Legacy Data Services,Nonclassified Establishments,50-249 Emp,1623.208132,1288.740288,1121.444485,959.9545807,807.3838231,672.2458572,554.9656608,455.9441511,372.8724232,303.0625475,244.8980137,196.7676887,157.1929927
Paris,France,,Legacy Data Services,Public Administration,50-249 Emp,4539.021901,3615.016374,3165.383139,2703.241291,2276.051381,1887.545388,1549.311574,1279.744011,1046.428547,850.3915118,687.0822241,551.9674916,440.8883475
Paris,France,,Legacy Data Services,Wholesale & retail trade,50-249 Emp,1822.860945,1450.599363,1266.596619,1087.774798,918.2890252,767.1292137,635.3354647,523.7026909,429.7289037,350.4570914,284.1602507,229.0944625,183.6470922
Paris,France,,Legacy Data Services,Services,50-249 Emp,2522.715837,2022.647754,1785.945239,1544.764795,1312.822788,1104.231177,920.9417643,765.686882,633.0304062,520.1264835,424.8761192,345.0797648,278.6609714
Paris,France,,Legacy Data Services,Transportation and Public Utilities,50-249 Emp,2497.108409,1990.622709,1752.740008,1492.038507,1261.185825,1051.379059,869.1416844,717.4764363,588.4311196,479.6381321,388.7044508,313.2186866,250.9536772
Paris,France,,Legacy Data Services,"Agriculture, Forestry, and Fishing plus mining",250+ Emp,2307.712755,1750.313934,1432.172283,1186.003663,961.2346108,772.1441431,615.828573,494.0581716,394.707862,314.445371,249.8554073,198.0877784,156.6966589
Paris,France,,Legacy Data Services,Construction,250+ Emp,15572.85721,11825.15085,9670.030933,8011.565864,6512.157636,5244.23959,4194.134581,3364.766466,2692.319955,2148.216187,1709.666446,1357.620183,1075.688603
Paris,France,,Legacy Data Services,"Finance, Insurance, and Real Estate",250+ Emp,44798.02274,34605.00721,28857.89499,24437.38722,20378.05719,16898.90697,13944.56814,11354.14544,9293.703064,7583.670588,6170.689219,5008.495741,4055.202157
Paris,France,,Legacy Data Services,Manufacturing,250+ Emp,18714.89475,13961.33661,11184.05402,9102.089437,7310.331633,5826.588436,4617.805841,3618.118089,2847.247867,2233.317907,1746.432437,1361.979188,1059.263096
Paris,France,,Legacy Data Services,Nonclassified Establishments,250+ Emp,14818.87788,11238.66496,9182.883219,7597.933374,6169.279309,4963.088958,3965.958558,3177.615005,2539.732453,2024.178506,1609.111821,1276.296353,1010.072418
Paris,France,,Legacy Data Services,Public Administration,250+ Emp,56843.00786,43224.854,35467.85447,29302.29584,23794.95429,19093.11183,15190.25225,12218.32268,9763.764855,7780.296896,6183.730769,4903.789406,3880.142352
Paris,France,,Legacy Data Services,Wholesale & retail trade,250+ Emp,17919.37587,13645.60963,11179.58996,9299.426959,7604.671037,6164.921347,4964.780028,3991.770411,3209.454312,2573.281165,2057.957077,1642.214666,1307.603535
Paris,France,,Legacy Data Services,Services,250+ Emp,17260.92736,13238.74702,10985.14289,9194.179228,7566.382569,6169.706185,4998.858381,4055.578105,3284.228237,2652.058566,2136.018593,1716.527985,1376.35027
Paris,France,,Legacy Data Services,Transportation and Public Utilities,250+ Emp,41377.95153,31340.51666,25677.22638,21071.48696,17122.56261,13752.46323,10975.77399,8775.545378,7001.457026,5570.13827,4419.864481,3499.197296,2764.088549
Paris,France,,DC / Colocation,"Agriculture, Forestry, and Fishing plus mining",1-9 Emp,4.823611408,5.268822594,5.750690781,6.284709717,7.004386179,7.252321078,7.989355126,8.718933303,9.556598868,10.4499452,11.14898913,12.03228623,12.95987486
Paris,France,,DC / Colocation,Construction,1-9 Emp,6.472497265,7.069543706,7.715711575,8.43178004,9.396846278,9.728972512,10.71715502,11.69523353,12.8181863,14.01570151,14.95250157,16.136301,17.37937041
Paris,France,,DC / Colocation,"Finance, Insurance, and Real Estate",1-9 Emp,12.01881213,12.84715121,14.50387452,16.39800086,18.90981166,20.26162023,23.10235481,26.09884684,29.61689306,33.53448975,36.88796448,41.06372176,45.64094101
Paris,France,,DC / Colocation,Manufacturing,1-9 Emp,7.71441179,8.310269007,8.944881168,9.639961041,10.59445168,10.81650713,11.7491665,12.6423597,13.66224878,14.7289551,15.4915884,16.48134126,17.49890966
Paris,France,,DC / Colocation,Nonclassified Establishments,1-9 Emp,0,0,0,0,0,0,0,0,0,0,0,0,0
Paris,France,,DC / Colocation,Public Administration,1-9 Emp,5.750378241,6.304710545,6.907252159,7.57722821,8.476978757,8.810484761,9.742985487,10.67350084,11.74398858,12.89140945,13.80708541,14.95891462,16.17496278
Paris,France,,DC / Colocation,Wholesale & retail trade,1-9 Emp,9.247194116,10.13732211,11.10477615,12.18044536,13.62523883,14.15973135,15.65674302,17.15032751,18.86858528,20.71020332,22.17877362,24.02630724,25.97655369
Paris,France,,DC / Colocation,Services,1-9 Emp,9.995005162,11.15526464,12.44173614,13.89566196,15.82831898,16.7513308,18.86373548,21.04545382,23.58368792,26.367527,28.76533819,31.74624481,34.96921958
Paris,France,,DC / Colocation,Transportation and Public Utilities,1-9 Emp,9.934853497,11.01355223,12.20070066,13.53401543,15.31135091,16.09337872,17.99836266,19.9415745,22.19205261,24.6393251,26.69270098,29.25289246,31.99675304
Paris,France,,DC / Colocation,"Agriculture, Forestry, and Fishing plus mining",10-49 Emp,63.99031541,71.59474911,80.0491097,89.62579958,102.3459901,108.5853988,122.5856459,137.1082652,154.0330701,172.6521278,188.833347,208.9353928,230.7383031
Paris,France,,DC / Colocation,Construction,10-49 Emp,87.55514958,97.94510821,109.4944042,122.5750312,139.9500533,148.4590431,167.5743587,187.3976061,210.4973218,235.9046432,257.9734158,285.3906575,315.1219685
Paris,France,,DC / Colocation,"Finance, Insurance, and Real Estate",10-49 Emp,133.0572803,154.2540501,178.7387092,207.4320466,245.565039,270.1409073,316.2642767,366.8868278,427.5675392,497.2183652,564.2849261,647.9391125,742.6770603
Paris,France,,DC / Colocation,Manufacturing,10-49 Emp,104.47018,115.0135071,126.5271494,139.3767481,156.5774794,163.4190971,181.4747775,199.645069,220.5976695,243.1785507,261.5613035,284.5929187,309.0477375
Paris,France,,DC / Colocation,Nonclassified Establishments,10-49 Emp,0,0,0,0,0,0,0,0,0,0,0,0,0
Paris,France,,DC / Colocation,Public Administration,10-49 Emp,69.01561814,77.60530192,87.20747626,98.13568242,112.6343654,120.1121572,136.2949141,153.2275891,173.0330938,194.9563231,214.3395624,238.3975212,264.6567932
Paris,France,,DC / Colocation,Wholesale & retail trade,10-49 Emp,120.9759042,135.5969504,151.8843416,170.3651804,194.9007014,207.1629937,234.3051678,262.5491543,295.5077368,331.8469156,363.6286123,403.0952499,445.9995088
Paris,France,,DC / Colocation,Services,10-49 Emp,121.8272928,139.1057286,158.7433853,181.4213339,211.4863198,229.0751548,264.0457887,301.5596541,345.9627793,396.0298078,442.3935369,499.975487,564.0197791
Paris,France,,DC / Colocation,Transportation and Public Utilities,10-49 Emp,124.7355336,141.7973218,161.0966882,183.2896958,212.7069479,229.3603284,263.1794248,299.2058005,341.6978137,389.3578876,432.9429295,487.0394416,546.8854105
Paris,France,,DC / Colocation,"Agriculture, Forestry, and Fishing plus mining",50-249 Emp,1417.069987,1585.599978,1773.133064,1985.766427,2268.376665,2407.713962,2719.587805,3043.679825,3421.873864,3838.667104,4200.355422,4649.6403,5137.219851
Paris,France,,DC / Colocation,Construction,50-249 Emp,1814.376275,2030.494099,2271.040388,2543.844409,2906.429932,3085.569738,3485.963681,3902.218353,4388.064238,4923.674952,5388.684127,5966.287065,6593.277752
Paris,France,,DC / Colocation,"Finance, Insurance, and Real Estate",50-249 Emp,4821.070649,5634.130347,6581.571728,7700.921891,9192.30373,10197.04033,12039.1197,14085.49852,16556.74114,19421.44983,22230.08102,25745.37202,29764.66471
Paris,France,,DC / Colocation,Manufacturing,50-249 Emp,1873.052688,2056.555957,2256.489964,2479.264403,2778.243882,2892.537742,3204.46226,3517.130986,3877.495067,4265.070405,4576.100071,4966.655911,5379.977784
Paris,France,,DC / Colocation,Nonclassified Establishments,50-249 Emp,0,0,0,0,0,0,0,0,0,0,0,0,0
Paris,France,,DC / Colocation,Public Administration,50-249 Emp,6567.373753,7352.602245,8226.546278,9217.52836,10533.97983,11185.45511,12638.72758,14149.15053,15911.30368,17853.00926,19542.90016,21641.86433,23920.82435
Paris,France,,DC / Colocation,Wholesale & retail trade,50-249 Emp,1951.782261,2192.474801,2461.491912,2767.683604,3174.311956,3382.986825,3836.844073,4311.815565,4867.76562,5483.58611,6025.122607,6697.321446,7430.498953
Paris,France,,DC / Colocation,Services,50-249 Emp,2915.782239,3323.581799,3786.422928,4320.320591,5028.36496,5438.296704,6259.343821,7138.590242,8178.694699,9350.274976,10428.84762,11768.06912,13254.94021
Paris,France,,DC / Colocation,Transportation and Public Utilities,50-249 Emp,2761.142872,3134.092073,3555.535078,4039.816937,4682.117345,5042.532028,5779.441467,6563.604591,7488.399832,8525.252439,9467.904806,10637.77622,11930.12847
Paris,France,,DC / Colocation,"Agriculture, Forestry, and Fishing plus mining",250+ Emp,42599.66073,46143.96684,49944.63981,54128.00929,59824.04541,61426.10041,67105.74608,72624.92689,78941.0442,85603.97853,90558.03907,96903.65177,103486.197
Paris,France,,DC / Colocation,Construction,250+ Emp,60481.61871,65367.70416,70596.17421,76343.37312,84196.72602,86269.1914,94050.07584,101576.9557,110188.3945,119251.5337,125882.8749,134414.7124,143236.4577
Paris,France,,DC / Colocation,"Finance, Insurance, and Real Estate",250+ Emp,221214.5628,250840.1006,284266.5164,322620.795,373470.7247,401716.3058,459817.3676,521485.2817,594099.9402,675333.8548,749041.9363,840507.8201,941396.2277
Paris,France,,DC / Colocation,Manufacturing,250+ Emp,47125.45572,49947.00592,52894.85177,56086.95475,60648.01734,60922.95887,65112.08625,68936.39778,73301.74549,77757.45779,80448.86714,84188.15563,87919.42991
Paris,France,,DC / Colocation,Nonclassified Establishments,250+ Emp,0,0,0,0,0,0,0,0,0,0,0,0,0
Paris,France,,DC / Colocation,Public Administration,250+ Emp,327799.3883,354573.5991,383244.3042,414772.6709,457794.9794,469419.6787,512138.1108,553526.0764,600877.8506,650750.0321,687466.046,734626.6638,783446.9895
Paris,France,,DC / Colocation,Wholesale & retail trade,250+ Emp,64282.29205,69583.3762,75265.58022,81518.89167,90043.53118,92402.17218,100891.2542,109133.0495,118566.6437,128515.3781,135874.4256,145311.4386,155092.3701
Paris,France,,DC / Colocation,Services,250+ Emp,133756.512,147181.2393,161842.5999,178209.0462,200135.4723,208822.9682,231845.1458,255018.9462,281755.8845,310586.0082,333972.8424,363281.0072,394389.2086
Paris,France,,DC / Colocation,Transportation and Public Utilities,250+ Emp,98729.34738,108809.7707,119812.2942,132081.281,148473.6664,155034.8442,172221.6165,189502.4009,209403.0695,230821.3975,248091.7472,269681.7569,292512.1102
Paris,France,,Cloud,"Agriculture, Forestry, and Fishing plus mining",1-9 Emp,52.86259154,54.00762293,55.18238999,55.5809995,59.31522302,58.06165716,60.2216456,62.02186012,63.88893063,64.83781548,67.23306672,69.50115299,72.12999
Paris,France,,Cloud,Construction,1-9 Emp,57.73469309,59.02507366,60.35879011,60.86590952,65.02447881,63.73642668,66.23684184,68.36246148,70.62596546,71.95569366,74.88072877,77.78386251,81.19357642
Paris,France,,Cloud,"Finance, Insurance, and Real Estate",1-9 Emp,97.17755338,100.5159362,104.0535458,106.3070759,115.1541491,114.5845907,121.1408386,127.4089353,134.5832221,140.7445703,150.8121986,162.3014496,176.6527941
Paris,France,,Cloud,Manufacturing,1-9 Emp,76.63631263,77.55109025,78.47702202,78.28724944,82.71771686,80.15691202,82.28961783,83.87062605,85.4824012,85.86082202,87.9750451,89.85496101,92.06993281
Paris,France,,Cloud,Nonclassified Establishments,1-9 Emp,0,0,0,0,0,0,0,0,0,0,0,0,0
Paris,France,,Cloud,Public Administration,1-9 Emp,35.24823052,35.90539419,36.60142462,36.83364559,39.26230202,38.43724777,39.97443902,41.32594415,42.88463276,44.05688154,46.18228556,48.55952669,51.48912529
Paris,France,,Cloud,Wholesale & retail trade,1-9 Emp,68.81246231,70.57436084,72.4141292,73.30118704,78.60670171,77.3726085,80.80942488,83.84332856,87.16743651,89.47609072,93.81548563,98.34768882,103.7380686
Paris,France,,Cloud,Services,1-9 Emp,93.12948005,96.20538344,99.4335257,101.371329,109.5453706,108.6672558,114.3873664,119.6659138,125.47536,129.9022488,137.6665283,145.9606767,155.9496549
Paris,France,,Cloud,Transportation and Public Utilities,1-9 Emp,88.39599042,90.58422646,92.87031393,93.92523639,100.6666754,99.04031754,103.3976299,107.2831984,111.5805119,114.6490582,120.4464661,126.650883,134.1943168
Paris,France,,Cloud,"Agriculture, Forestry, and Fishing plus mining",10-49 Emp,438.3302513,456.9823016,476.8433193,491.1192591,536.1581528,537.6343049,572.7858644,606.664209,644.9494863,677.8738519,729.4887903,786.8072547,856.3055899
Paris,France,,Cloud,Construction,10-49 Emp,488.6880463,510.1608528,533.1881123,550.3650799,602.0871307,605.3192247,647.2611956,688.3085598,735.6875434,778.6937517,843.3833258,917.3292389,1008.000854
Paris,France,,Cloud,"Finance, Insurance, and Real Estate",10-49 Emp,698.2025362,738.7323777,783.3448904,821.7105666,914.7688829,938.0448177,1027.098053,1122.129788,1239.752097,1366.310444,1547.028754,1776.45288,2078.832548
Paris,France,,Cloud,Manufacturing,10-49 Emp,626.3384634,645.7839063,666.3265045,678.65122,732.2303067,725.532646,763.6299498,798.7108393,838.2313336,869.8378347,922.0459889,979.1557113,1047.837098
Paris,France,,Cloud,Nonclassified Establishments,10-49 Emp,0,0,0,0,0,0,0,0,0,0,0,0,0
Paris,France,,Cloud,Public Administration,10-49 Emp,288.8482334,299.9956249,312.1744039,321.3633977,350.6236348,352.1536604,377.3423287,402.8346641,434.1422557,466.0452594,511.353214,567.3379855,638.7969637
Paris,France,,Cloud,Wholesale & retail trade,10-49 Emp,548.7893292,574.2996238,601.9212743,623.5815301,684.6092728,691.2467998,743.4050892,795.5566119,857.2918161,916.8655855,1002.775529,1104.291406,1230.547301
Paris,France,,Cloud,Services,10-49 Emp,709.2513754,747.7905798,789.656258,823.9613078,911.8723519,928.1931635,1006.241433,1086.225677,1181.067001,1274.67977,1411.245567,1574.676111,1781.697666
Paris,France,,Cloud,Transportation and Public Utilities,10-49 Emp,684.4225343,716.7707792,751.8417203,779.4272111,856.839366,866.5039182,933.5671155,1001.757787,1083.333404,1164.143695,1282.064213,1424.570272,1605.890793
Paris,France,,Cloud,"Agriculture, Forestry, and Fishing plus mining",50-249 Emp,3159.064343,3505.99106,3902.105292,4301.16944,5019.961502,5393.424051,6184.009651,7041.662874,8070.664768,9139.346755,10577.21915,12255.63626,14290.8362
Paris,France,,Cloud,Construction,50-249 Emp,3436.792309,3816.931522,4252.510371,4696.494742,5488.085099,5907.102122,6794.317072,7761.26145,8936.553411,10184.77064,11838.72499,13804.63421,16210.93817
Paris,France,,Cloud,"Finance, Insurance, and Real Estate",50-249 Emp,8589.060969,9748.490683,11123.05496,12622.72395,15181.81359,16881.39463,20181.58915,24053.80107,29119.80041,35187.53182,43386.78359,54194.42222,68617.91709
Paris,France,,Cloud,Manufacturing,50-249 Emp,3746.774085,4111.281854,4521.782266,4923.652051,5670.176486,6007.056319,6785.861395,7604.999136,8568.875043,9530.940091,10813.32902,12266.19131,13979.67624
Paris,France,,Cloud,Nonclassified Establishments,50-249 Emp,0,0,0,0,0,0,0,0,0,0,0,0,0
Paris,France,,Cloud,Public Administration,50-249 Emp,9575.396021,10628.73009,11841.76897,13101.89715,15314.61181,16507.26903,19063.45092,21864.85982,25349.41561,29192.71053,34156.74909,40251.77767,47833.76834
Paris,France,,Cloud,Wholesale & retail trade,50-249 Emp,3279.992979,3649.276267,4074.665547,4514.591225,5290.042398,5714.034705,6605.857701,7587.054656,8799.295616,10122.87891,11857.02937,13965.90992,16584.61735
Paris,France,,Cloud,Services,50-249 Emp,5552.365161,6236.06312,7031.307206,7866.678064,9319.566499,10181.35454,11907.43305,13847.43529,16268.30924,18959.97327,22557.39654,26999.28345,32616.89039
Paris,France,,Cloud,Transportation and Public Utilities,50-249 Emp,5037.663571,5629.388885,6314.575845,7029.151078,8281.701525,8997.818687,10467.30709,12106.60826,14150.02433,16417.2287,19422.39656,23131.02881,27807.29042
Paris,France,,Cloud,"Agriculture, Forestry, and Fishing plus mining",250+ Emp,47574.66334,53892.40811,61294.93408,69220.76061,82535.53329,90684.53516,106507.5645,123955.2561,145095.5392,167222.04,196746.1555,230748.3097,271173.7203
Paris,France,,Cloud,Construction,250+ Emp,58301.41808,65888.69329,74783.06942,84366.89013,100362.0578,110073.7637,129210.9851,150243.4646,175907.267,203061.6126,238663.5468,280028.8502,329300.6921
Paris,France,,Cloud,"Finance, Insurance, and Real Estate",250+ Emp,196010.7923,228374.7237,267777.947,313250.6465,386316.1547,440556.8876,540701.0469,658336.2812,811846.2368,993319.9636,1231856.5,1536643.646,1927976.439
Paris,France,,Cloud,Manufacturing,250+ Emp,45981.2438,51319.12617,57489.95278,63952.33791,75021.26589,81079.56761,93649.50848,107119.0562,123186.4272,139463.7532,160994.4397,185183.3406,213307.3488
Paris,France,,Cloud,Nonclassified Establishments,250+ Emp,0,0,0,0,0,0,0,0,0,0,0,0,0
Paris,France,,Cloud,Public Administration,250+ Emp,261601.263,294038.7883,331963.2525,373111.2587,441052.2767,480975.3322,562569.7051,651227.9307,760700.8333,878855.8365,1028099.128,1204939.269,1416428.546
Paris,France,,Cloud,Wholesale & retail trade,250+ Emp,57153.03798,64670.43443,73510.97459,83122.21017,99035.69732,108836.1113,128133.9978,149403.7711,175552.1015,203558.1621,239992.9842,282755.211,333961.1931
Paris,France,,Cloud,Services,250+ Emp,124482.2024,142644.9877,164292.4667,188329.879,227643.8478,253951.8756,303751.4685,360039.8428,430448.1976,508180.6794,610294.1519,733114.8183,883463.2809
Paris,France,,Cloud,Transportation and Public Utilities,250+ Emp,132276.097,150328.4752,171655.7562,195037.7789,233517.7561,257948.8692,305406.8051,358182.3282,423587.5411,494689.5082,587086.6385,696878.5955,829607.9183